Month,Day,traffic_count,traffic_status,prediction
2,3,186.0,Low,0.0
2,3,4.0,Low,0.0
2,3,11.0,Low,0.0
2,4,38.0,Low,0.0
2,4,95.0,Low,0.0
2,5,44.0,Low,0.0
2,6,59.0,Low,0.0
2,6,5.0,Low,0.0
2,6,10.0,Low,0.0
2,8,10.0,Low,0.0
2,8,101.0,Low,0.0
2,9,14.0,Low,0.0
2,9,122.0,Low,0.0
2,9,353.0,Medium,0.0
2,10,447.0,Medium,0.0
2,10,114.0,Low,0.0
2,12,8.0,Low,0.0
2,13,96.0,Low,0.0
2,14,8.0,Low,0.0
2,14,6.0,Low,0.0
2,16,218.0,Low,0.0
2,16,20.0,Low,0.0
2,16,261.0,Low,0.0
2,17,339.0,Medium,0.0
2,17,115.0,Low,0.0
2,17,115.0,Low,0.0
2,18,335.0,Medium,0.0
2,18,6.0,Low,0.0
2,20,9.0,Low,0.0
2,20,5.0,Low,0.0
2,21,22.0,Low,0.0
2,21,24.0,Low,0.0
2,22,134.0,Low,0.0
2,22,229.0,Low,0.0
2,24,451.0,Medium,0.0
2,24,147.0,Low,0.0
2,24,224.0,Low,0.0
2,25,110.0,Low,0.0
2,26,47.0,Low,0.0
2,26,33.0,Low,0.0
2,26,7.0,Low,0.0
2,26,119.0,Low,0.0
2,27,5.0,Low,0.0
2,28,119.0,Low,0.0
3,1,87.0,Low,0.0
3,1,25.0,Low,0.0
3,2,348.0,Medium,0.0
3,2,311.0,Medium,0.0
3,3,153.0,Low,0.0
3,3,451.0,Medium,0.0
3,4,25.0,Low,0.0
3,5,237.0,Low,0.0
3,5,38.0,Low,0.0
3,5,32.0,Low,0.0
3,5,1005.0,High,0.0
3,7,23.0,Low,0.0
3,8,479.0,Medium,0.0
3,8,115.0,Low,0.0
3,8,95.0,Low,0.0
3,8,353.0,Medium,0.0
3,8,818.0,High,0.0
3,9,124.0,Low,0.0
3,9,85.0,Low,0.0
3,9,489.0,Medium,0.0
3,9,52.0,Low,0.0
3,10,91.0,Low,0.0
3,10,194.0,Low,0.0
3,10,690.0,High,0.0
3,11,557.0,High,0.0
3,11,113.0,Low,0.0
3,11,207.0,Low,0.0
3,12,7.0,Low,0.0
3,12,8.0,Low,0.0
3,13,243.0,Low,0.0
3,14,649.0,High,0.0
3,14,886.0,High,0.0
3,15,39.0,Low,0.0
3,15,7.0,Low,0.0
3,15,242.0,Low,0.0
3,16,131.0,Low,0.0
3,16,31.0,Low,0.0
3,16,332.0,Medium,0.0
3,17,315.0,Medium,0.0
3,17,85.0,Low,0.0
3,18,68.0,Low,0.0
3,18,92.0,Low,0.0
3,18,574.0,High,0.0
3,20,345.0,Medium,0.0
3,20,235.0,Low,0.0
3,20,46.0,Low,0.0
3,20,478.0,Medium,0.0
3,21,347.0,Medium,0.0
3,21,212.0,Low,0.0
3,21,396.0,Medium,0.0
3,21,679.0,High,0.0
3,22,519.0,High,0.0
3,22,456.0,Medium,0.0
3,22,40.0,Low,0.0
3,23,135.0,Low,0.0
3,23,53.0,Low,0.0
3,24,354.0,Medium,0.0
3,24,490.0,Medium,0.0
3,25,214.0,Low,0.0
3,25,76.0,Low,0.0
3,25,541.0,High,0.0
3,25,823.0,High,0.0
3,26,105.0,Low,0.0
3,26,65.0,Low,0.0
3,27,257.0,Low,0.0
3,27,45.0,Low,0.0
3,27,303.0,Low,0.0
3,28,356.0,Medium,0.0
3,28,524.0,High,0.0
3,28,723.0,High,0.0
3,29,161.0,Low,0.0
3,29,38.0,Low,0.0
3,30,70.0,Low,0.0
3,30,90.0,Low,0.0
3,31,376.0,Medium,0.0
3,31,157.0,Low,0.0
3,31,52.0,Low,0.0
4,1,84.0,Low,0.0
4,1,445.0,Medium,0.0
4,1,430.0,Medium,0.0
4,2,436.0,Medium,0.0
4,2,770.0,High,0.0
4,3,444.0,Medium,0.0
4,3,856.0,High,0.0
4,4,67.0,Low,0.0
4,4,938.0,High,0.0
4,5,451.0,Medium,0.0
4,6,556.0,High,0.0
4,7,491.0,Medium,0.0
4,8,512.0,Medium,0.0
4,8,111.0,Low,0.0
4,8,929.0,High,0.0
4,10,314.0,Medium,0.0
4,10,716.0,High,0.0
4,11,398.0,Medium,0.0
4,12,124.0,Low,0.0
4,12,95.0,Low,0.0
4,13,79.0,Low,0.0
4,15,318.0,Medium,0.0
4,15,294.0,Low,0.0
4,17,29.0,Low,0.0
4,18,86.0,Low,0.0
4,18,610.0,High,0.0
4,19,283.0,Low,0.0
4,20,353.0,Medium,0.0
4,20,57.0,Low,0.0
4,21,60.0,Low,0.0
4,21,401.0,Medium,0.0
4,22,297.0,Low,0.0
4,23,898.0,High,0.0
4,23,70.0,Low,0.0
4,23,785.0,High,0.0
4,24,495.0,Medium,0.0
4,26,693.0,High,0.0
4,26,162.0,Low,0.0
4,27,1253.0,High,0.0
4,28,501.0,Medium,0.0
4,29,723.0,High,0.0
4,30,443.0,Medium,0.0
4,30,542.0,High,0.0
5,1,708.0,High,0.0
5,1,808.0,High,0.0
5,2,603.0,High,0.0
5,4,119.0,Low,0.0
5,5,669.0,High,0.0
5,5,1048.0,High,0.0
5,6,186.0,Low,2.0
5,6,615.0,High,2.0
5,6,177.0,Low,0.0
5,6,771.0,High,2.0
5,7,116.0,Low,0.0
5,8,51.0,Low,0.0
5,10,971.0,High,2.0
5,12,256.0,Low,2.0
5,12,316.0,Medium,2.0
5,14,308.0,Low,0.0
5,14,187.0,Low,0.0
5,15,310.0,Medium,0.0
5,17,465.0,Medium,0.0
5,18,722.0,High,0.0
5,18,509.0,Medium,0.0
5,21,180.0,Low,0.0
5,21,93.0,Low,0.0
5,22,9.0,Low,0.0
5,23,339.0,Medium,0.0
5,23,356.0,Medium,0.0
5,23,182.0,Low,0.0
5,23,195.0,Low,0.0
5,23,60.0,Low,0.0
5,25,657.0,High,2.0
5,25,420.0,Medium,2.0
5,25,184.0,Low,0.0
5,25,824.0,High,2.0
5,27,75.0,Low,0.0
5,28,470.0,Medium,0.0
5,28,994.0,High,0.0
5,29,103.0,Low,0.0
5,29,877.0,High,0.0
5,31,350.0,Medium,2.0
5,31,56.0,Low,0.0
5,31,468.0,Medium,2.0
6,1,688.0,High,2.0
6,1,40.0,Low,0.0
6,2,1120.0,High,2.0
6,3,669.0,High,2.0
6,3,439.0,Medium,2.0
6,3,277.0,Low,2.0
6,3,408.0,Medium,2.0
6,4,190.0,Low,0.0
6,5,83.0,Low,0.0
6,5,287.0,Low,0.0
6,6,326.0,Medium,0.0
6,7,81.0,Low,2.0
6,7,484.0,Medium,2.0
6,9,627.0,High,2.0
6,9,544.0,High,2.0
6,9,496.0,Medium,2.0
6,9,1187.0,High,2.0
6,10,345.0,Medium,2.0
6,10,76.0,Low,0.0
6,10,57.0,Low,0.0
6,10,932.0,High,2.0
6,11,281.0,Low,0.0
6,12,79.0,Low,0.0
6,12,356.0,Medium,0.0
6,12,988.0,High,0.0
6,13,445.0,Medium,0.0
6,13,303.0,Low,0.0
6,14,383.0,Medium,2.0
6,14,351.0,Medium,2.0
6,14,237.0,Low,2.0
6,14,74.0,Low,0.0
6,14,453.0,Medium,2.0
6,14,680.0,High,2.0
6,15,462.0,Medium,2.0
6,15,357.0,Medium,2.0
6,16,390.0,Medium,2.0
6,16,372.0,Medium,2.0
6,17,45.0,Low,0.0
6,18,258.0,Low,0.0
6,18,223.0,Low,0.0
6,19,752.0,High,0.0
6,19,170.0,Low,0.0
6,20,619.0,High,0.0
6,21,453.0,Medium,2.0
6,21,248.0,Low,2.0
6,21,971.0,High,2.0
6,22,251.0,Low,2.0
6,22,86.0,Low,0.0
6,23,294.0,Low,2.0
6,24,425.0,Medium,2.0
6,24,94.0,Low,0.0
6,25,488.0,Medium,0.0
6,25,62.0,Low,0.0
6,25,565.0,High,0.0
6,26,196.0,Low,0.0
6,26,138.0,Low,0.0
6,27,546.0,High,0.0
6,27,310.0,Medium,0.0
6,27,624.0,High,0.0
6,28,362.0,Medium,2.0
6,30,104.0,Low,0.0
7,1,234.0,Low,2.0
7,1,931.0,High,2.0
7,2,704.0,High,0.0
7,2,158.0,Low,0.0
7,2,389.0,Medium,0.0
7,3,341.0,Medium,0.0
7,3,188.0,Low,0.0
7,3,97.0,Low,0.0
7,4,395.0,Medium,0.0
7,4,127.0,Low,0.0
7,4,111.0,Low,0.0
7,4,1049.0,High,0.0
7,5,95.0,Low,0.0
7,6,229.0,Low,2.0
7,6,429.0,Medium,2.0
7,6,811.0,High,2.0
7,7,895.0,High,2.0
7,7,383.0,Medium,2.0
7,7,99.0,Low,0.0
7,7,66.0,Low,0.0
7,8,325.0,Medium,2.0
7,8,104.0,Low,0.0
7,9,737.0,High,0.0
7,9,246.0,Low,0.0
7,10,776.0,High,0.0
7,11,672.0,High,0.0
7,11,79.0,Low,0.0
7,12,250.0,Low,2.0
7,12,290.0,Low,2.0
7,13,170.0,Low,2.0
7,14,149.0,Low,2.0
7,14,178.0,Low,2.0
7,14,459.0,Medium,2.0
7,15,400.0,Medium,2.0
7,15,65.0,Low,2.0
7,15,218.0,Low,0.0
7,16,35.0,Low,0.0
7,16,237.0,Low,0.0
7,18,81.0,Low,0.0
7,19,122.0,Low,0.0
7,20,148.0,Low,2.0
7,20,677.0,High,2.0
7,20,873.0,High,2.0
7,21,657.0,High,2.0
7,21,447.0,Medium,2.0
7,22,440.0,Medium,2.0
7,22,844.0,High,2.0
7,22,193.0,Low,2.0
7,22,668.0,High,2.0
7,23,387.0,Medium,0.0
7,24,2.0,Low,0.0
7,25,46.0,Low,0.0
7,27,477.0,Medium,2.0
7,27,179.0,Low,0.0
7,27,604.0,High,2.0
7,28,546.0,High,2.0
7,28,588.0,High,2.0
7,29,372.0,Medium,2.0
7,29,144.0,Low,0.0
7,30,153.0,Low,0.0
7,31,440.0,Medium,0.0
8,2,93.0,Low,0.0
8,2,369.0,Medium,2.0
8,3,411.0,Medium,2.0
8,3,503.0,Medium,2.0
8,4,639.0,High,2.0
8,4,400.0,Medium,2.0
8,5,536.0,High,2.0
8,5,356.0,Medium,2.0
8,5,66.0,Low,2.0
8,5,126.0,Low,0.0
8,5,77.0,Low,0.0
8,6,340.0,Medium,0.0
8,6,687.0,High,0.0
8,7,441.0,Medium,0.0
8,7,485.0,Medium,0.0
8,8,139.0,Low,0.0
8,9,624.0,High,2.0
8,9,213.0,Low,0.0
8,9,90.0,Low,0.0
8,10,437.0,Medium,2.0
8,10,387.0,Medium,2.0
8,10,154.0,Low,2.0
8,10,117.0,Low,0.0
8,11,442.0,Medium,2.0
8,11,70.0,Low,0.0
8,11,291.0,Low,2.0
8,12,76.0,Low,0.0
8,12,200.0,Low,2.0
8,12,552.0,High,2.0
8,13,367.0,Medium,0.0
8,13,339.0,Medium,0.0
8,14,162.0,Low,0.0
8,15,411.0,Medium,0.0
8,15,64.0,Low,0.0
8,15,508.0,Medium,0.0
8,16,317.0,Medium,2.0
8,16,113.0,Low,2.0
8,16,214.0,Low,2.0
8,17,1001.0,High,2.0
8,18,67.0,Low,2.0
8,18,258.0,Low,2.0
8,18,86.0,Low,0.0
8,18,473.0,Medium,2.0
8,19,683.0,High,2.0
8,19,147.0,Low,0.0
8,19,85.0,Low,0.0
8,20,59.0,Low,0.0
8,20,71.0,Low,0.0
8,21,440.0,Medium,0.0
8,22,221.0,Low,0.0
8,22,819.0,High,0.0
8,23,689.0,High,2.0
8,23,310.0,Medium,2.0
8,24,259.0,Low,2.0
8,25,849.0,High,2.0
8,27,26.0,Low,0.0
8,27,350.0,Medium,0.0
8,28,342.0,Medium,0.0
8,28,656.0,High,0.0
8,29,576.0,High,0.0
8,29,72.0,Low,0.0
8,29,260.0,Low,0.0
8,30,252.0,Low,2.0
8,30,87.0,Low,0.0
8,31,347.0,Medium,2.0
8,31,272.0,Low,2.0
8,31,815.0,High,2.0
9,1,349.0,Medium,2.0
9,2,69.0,Low,2.0
9,3,224.0,Low,0.0
9,3,69.0,Low,0.0
9,3,228.0,Low,0.0
9,3,702.0,High,0.0
9,4,316.0,Medium,0.0
9,5,197.0,Low,0.0
9,6,360.0,Medium,2.0
9,7,158.0,Low,0.0
9,7,658.0,High,2.0
9,8,222.0,Low,0.0
9,8,877.0,High,2.0
9,9,322.0,Medium,2.0
9,9,217.0,Low,0.0
9,9,118.0,Low,0.0
9,9,605.0,High,2.0
9,9,796.0,High,2.0
9,11,643.0,High,0.0
9,11,532.0,High,0.0
9,12,397.0,Medium,0.0
9,12,572.0,High,0.0
9,13,302.0,Low,2.0
9,13,257.0,Low,2.0
9,14,501.0,Medium,2.0
9,15,353.0,Medium,2.0
9,15,294.0,Low,2.0
9,15,133.0,Low,0.0
9,16,22.0,Low,2.0
9,17,139.0,Low,0.0
9,17,168.0,Low,0.0
9,19,361.0,Medium,0.0
9,19,105.0,Low,0.0
9,20,488.0,Medium,2.0
9,20,84.0,Low,0.0
9,21,733.0,High,2.0
9,21,198.0,Low,0.0
9,21,145.0,Low,0.0
9,22,695.0,High,2.0
9,22,354.0,Medium,2.0
9,23,189.0,Low,0.0
9,24,93.0,Low,0.0
9,25,334.0,Medium,0.0
9,25,85.0,Low,0.0
9,26,541.0,High,0.0
9,28,829.0,High,0.0
9,28,689.0,High,0.0
9,28,1052.0,High,0.0
9,29,132.0,Low,0.0
9,29,269.0,Low,0.0
9,30,191.0,Low,0.0
9,30,406.0,Medium,0.0
10,1,773.0,High,0.0
10,2,74.0,Low,0.0
10,3,307.0,Low,0.0
10,4,204.0,Low,0.0
10,6,579.0,High,0.0
10,6,342.0,Medium,0.0
10,6,640.0,High,0.0
10,7,283.0,Low,0.0
10,7,113.0,Low,0.0
10,7,136.0,Low,0.0
10,8,25.0,Low,0.0
10,8,27.0,Low,0.0
10,8,25.0,Low,0.0
10,9,281.0,Low,0.0
10,9,59.0,Low,0.0
10,9,61.0,Low,0.0
10,10,341.0,Medium,0.0
10,10,173.0,Low,0.0
10,10,68.0,Low,0.0
10,12,119.0,Low,0.0
10,12,38.0,Low,0.0
10,12,168.0,Low,0.0
10,13,144.0,Low,0.0
10,14,457.0,Medium,0.0
10,15,2.0,Low,0.0
10,16,44.0,Low,0.0
10,16,584.0,High,0.0
10,17,107.0,Low,0.0
10,17,85.0,Low,0.0
10,17,357.0,Medium,0.0
10,18,224.0,Low,0.0
10,18,472.0,Medium,0.0
10,19,629.0,High,0.0
10,21,211.0,Low,0.0
10,22,17.0,Low,0.0
10,24,199.0,Low,0.0
10,24,50.0,Low,0.0
10,24,272.0,Low,0.0
10,25,84.0,Low,0.0
10,25,367.0,Medium,0.0
10,25,357.0,Medium,0.0
10,27,92.0,Low,0.0
10,27,64.0,Low,0.0
10,28,194.0,Low,0.0
10,28,93.0,Low,0.0
10,30,93.0,Low,0.0
10,31,194.0,Low,0.0
11,10,53.0,Low,0.0
11,12,51.0,Low,0.0
11,13,253.0,Low,0.0
11,13,126.0,Low,0.0
11,14,511.0,Medium,0.0
11,14,75.0,Low,0.0
11,15,510.0,Medium,0.0
11,15,751.0,High,0.0
11,16,96.0,Low,0.0
11,16,136.0,Low,0.0
11,17,40.0,Low,0.0
11,17,64.0,Low,0.0
11,17,414.0,Medium,0.0
11,18,95.0,Low,0.0
11,18,976.0,High,0.0
11,19,233.0,Low,0.0
11,20,313.0,Medium,0.0
11,20,44.0,Low,0.0
11,20,305.0,Low,0.0
11,21,396.0,Medium,0.0
11,21,152.0,Low,0.0
11,21,48.0,Low,0.0
11,22,397.0,Medium,0.0
11,23,90.0,Low,0.0
11,24,56.0,Low,0.0
11,24,58.0,Low,0.0
11,24,271.0,Low,0.0
11,25,793.0,High,0.0
11,26,55.0,Low,0.0
11,27,180.0,Low,0.0
11,27,77.0,Low,0.0
11,28,534.0,High,0.0
11,29,679.0,High,0.0
11,30,78.0,Low,0.0
11,30,605.0,High,0.0
12,1,166.0,Low,0.0
12,1,316.0,Medium,0.0
12,2,186.0,Low,0.0
12,2,51.0,Low,0.0
12,2,116.0,Low,0.0
12,2,19.0,Low,0.0
12,3,56.0,Low,0.0
12,3,42.0,Low,0.0
12,4,309.0,Medium,0.0
12,4,182.0,Low,0.0
12,5,48.0,Low,0.0
12,6,112.0,Low,0.0
12,7,1.0,Low,0.0
12,7,747.0,High,0.0
12,8,210.0,Low,0.0
12,8,82.0,Low,0.0
12,8,53.0,Low,0.0
12,9,919.0,High,0.0
12,10,737.0,High,0.0
12,11,464.0,Medium,0.0
12,11,144.0,Low,0.0
12,12,173.0,Low,0.0
12,12,603.0,High,0.0
12,12,9.0,Low,0.0
12,12,481.0,Medium,0.0
12,13,10.0,Low,0.0
12,15,280.0,Low,0.0
12,15,16.0,Low,0.0
12,15,20.0,Low,0.0
12,16,143.0,Low,0.0
12,17,23.0,Low,0.0
12,18,368.0,Medium,0.0
12,18,28.0,Low,0.0
12,18,254.0,Low,0.0
12,19,318.0,Medium,0.0
12,20,442.0,Medium,0.0
12,21,37.0,Low,0.0
12,21,259.0,Low,0.0
12,22,84.0,Low,0.0
12,22,41.0,Low,0.0
12,22,30.0,Low,0.0
12,22,284.0,Low,0.0
12,22,726.0,High,0.0
12,23,273.0,Low,0.0
12,24,37.0,Low,0.0
12,24,39.0,Low,0.0
12,24,142.0,Low,0.0
12,26,11.0,Low,0.0
12,27,176.0,Low,0.0
12,27,24.0,Low,0.0
12,27,189.0,Low,0.0
12,28,300.0,Low,0.0
12,29,232.0,Low,0.0
12,29,114.0,Low,0.0
12,29,51.0,Low,0.0
12,30,780.0,High,0.0
12,30,183.0,Low,0.0
12,30,444.0,Medium,0.0
1,4,15.0,Low,0.0
1,4,15.0,Low,0.0
1,5,604.0,High,0.0
1,5,191.0,Low,0.0
1,6,649.0,High,0.0
1,7,182.0,Low,0.0
1,7,79.0,Low,0.0
1,8,473.0,Medium,0.0
1,9,208.0,Low,0.0
1,9,219.0,Low,0.0
1,9,141.0,Low,0.0
1,9,968.0,High,0.0
1,10,87.0,Low,0.0
1,11,316.0,Medium,0.0
1,12,309.0,Medium,0.0
1,12,73.0,Low,0.0
1,12,87.0,Low,0.0
1,12,202.0,Low,0.0
1,13,11.0,Low,0.0
1,13,4.0,Low,0.0
1,15,9.0,Low,0.0
1,15,68.0,Low,0.0
1,16,125.0,Low,0.0
1,16,85.0,Low,0.0
1,17,122.0,Low,0.0
1,17,144.0,Low,0.0
1,18,97.0,Low,0.0
1,19,119.0,Low,0.0
1,19,55.0,Low,0.0
1,19,198.0,Low,0.0
1,20,621.0,High,0.0
1,20,289.0,Low,0.0
1,20,407.0,Medium,0.0
1,20,833.0,High,0.0
1,21,401.0,Medium,0.0
1,22,43.0,Low,0.0
1,23,296.0,Low,0.0
1,24,511.0,Medium,0.0
1,25,336.0,Medium,0.0
1,25,209.0,Low,0.0
1,25,35.0,Low,0.0
1,25,221.0,Low,0.0
1,26,284.0,Low,0.0
1,26,51.0,Low,0.0
1,26,17.0,Low,0.0
1,26,188.0,Low,0.0
1,27,39.0,Low,0.0
1,28,103.0,Low,0.0
1,28,22.0,Low,0.0
1,28,115.0,Low,0.0
1,28,496.0,Medium,0.0
1,29,265.0,Low,0.0
1,29,48.0,Low,0.0
1,29,60.0,Low,0.0
1,29,239.0,Low,0.0
1,30,88.0,Low,0.0
1,30,33.0,Low,0.0
1,30,380.0,Medium,0.0
1,31,10.0,Low,0.0
2,1,15.0,Low,0.0
2,2,45.0,Low,0.0
2,3,121.0,Low,0.0
2,4,304.0,Low,0.0
2,4,196.0,Low,0.0
2,4,58.0,Low,0.0
2,4,122.0,Low,0.0
2,4,14.0,Low,0.0
2,4,82.0,Low,0.0
2,4,18.0,Low,0.0
2,4,98.0,Low,0.0
2,6,287.0,Low,0.0
2,6,48.0,Low,0.0
2,6,34.0,Low,0.0
2,6,210.0,Low,0.0
2,7,44.0,Low,0.0
2,8,463.0,Medium,0.0
2,9,343.0,Medium,0.0
2,9,100.0,Low,0.0
2,9,133.0,Low,0.0
2,10,82.0,Low,0.0
2,11,388.0,Medium,0.0
2,11,143.0,Low,0.0
2,12,89.0,Low,0.0
2,12,78.0,Low,0.0
2,13,48.0,Low,0.0
2,13,110.0,Low,0.0
2,13,36.0,Low,0.0
2,14,108.0,Low,0.0
2,16,199.0,Low,0.0
2,16,52.0,Low,0.0
2,16,64.0,Low,0.0
2,17,277.0,Low,0.0
2,17,132.0,Low,0.0
2,18,396.0,Medium,0.0
2,20,70.0,Low,0.0
2,21,568.0,High,0.0
2,21,497.0,Medium,0.0
2,22,99.0,Low,0.0
2,22,80.0,Low,0.0
2,23,62.0,Low,0.0
2,23,25.0,Low,0.0
2,23,113.0,Low,0.0
2,24,67.0,Low,0.0
2,24,16.0,Low,0.0
2,24,141.0,Low,0.0
2,25,201.0,Low,0.0
2,25,192.0,Low,0.0
2,25,21.0,Low,0.0
2,25,7.0,Low,0.0
2,26,110.0,Low,0.0
2,26,296.0,Low,0.0
2,27,66.0,Low,0.0
2,28,66.0,Low,0.0
2,28,123.0,Low,0.0
2,28,9.0,Low,0.0
3,2,410.0,Medium,0.0
3,2,247.0,Low,0.0
3,2,216.0,Low,0.0
3,2,299.0,Low,0.0
3,2,77.0,Low,0.0
3,3,372.0,Medium,0.0
3,3,113.0,Low,0.0
3,4,90.0,Low,0.0
3,4,76.0,Low,0.0
3,4,68.0,Low,0.0
3,4,16.0,Low,0.0
3,4,72.0,Low,0.0
3,5,106.0,Low,0.0
3,6,609.0,High,0.0
3,6,293.0,Low,0.0
3,6,56.0,Low,0.0
3,6,34.0,Low,0.0
3,6,300.0,Low,0.0
3,7,170.0,Low,0.0
3,7,156.0,Low,0.0
3,7,79.0,Low,0.0
3,7,79.0,Low,0.0
3,8,204.0,Low,0.0
3,8,206.0,Low,0.0
3,8,125.0,Low,0.0
3,10,196.0,Low,0.0
3,10,39.0,Low,0.0
3,10,26.0,Low,0.0
3,11,204.0,Low,0.0
3,11,72.0,Low,0.0
3,11,876.0,High,0.0
3,13,384.0,Medium,0.0
3,13,120.0,Low,0.0
3,13,13.0,Low,0.0
3,14,240.0,Low,0.0
3,15,346.0,Medium,0.0
3,15,194.0,Low,0.0
3,15,226.0,Low,0.0
3,16,398.0,Medium,0.0
3,17,229.0,Low,0.0
3,18,169.0,Low,0.0
3,18,544.0,High,0.0
3,18,432.0,Medium,0.0
3,19,72.0,Low,0.0
3,19,216.0,Low,0.0
3,19,144.0,Low,0.0
3,20,180.0,Low,0.0
3,20,240.0,Low,0.0
3,20,252.0,Low,0.0
3,20,518.0,High,0.0
3,21,173.0,Low,0.0
3,22,576.0,High,0.0
3,22,90.0,Low,0.0
3,22,486.0,Medium,0.0
3,23,93.0,Low,0.0
3,23,720.0,High,0.0
3,24,153.0,Low,0.0
3,24,153.0,Low,0.0
3,25,36.0,Low,0.0
3,25,126.0,Low,0.0
3,26,211.0,Low,0.0
3,27,332.0,Medium,0.0
3,27,33.0,Low,0.0
3,27,432.0,Medium,0.0
3,28,442.0,Medium,0.0
3,28,1070.0,High,0.0
3,29,657.0,High,0.0
3,30,37.0,Low,0.0
3,31,313.0,Medium,0.0
4,1,159.0,Low,0.0
4,2,533.0,High,0.0
4,3,605.0,High,0.0
4,4,407.0,Medium,0.0
4,5,94.0,Low,0.0
4,5,160.0,Low,0.0
4,5,99.0,Low,0.0
4,5,295.0,Low,0.0
4,6,137.0,Low,0.0
4,6,364.0,Medium,0.0
4,7,310.0,Medium,0.0
4,7,82.0,Low,0.0
4,7,277.0,Low,0.0
4,8,461.0,Medium,0.0
4,9,63.0,Low,0.0
4,10,270.0,Low,0.0
4,10,34.0,Low,0.0
4,10,68.0,Low,0.0
4,11,390.0,Medium,2.0
4,12,287.0,Low,2.0
4,12,68.0,Low,0.0
4,14,363.0,Medium,2.0
4,14,296.0,Low,2.0
4,14,402.0,Medium,2.0
4,15,243.0,Low,0.0
4,16,271.0,Low,0.0
4,16,224.0,Low,0.0
4,18,361.0,Medium,0.0
4,18,324.0,Medium,0.0
4,18,211.0,Low,0.0
4,18,703.0,High,0.0
4,20,138.0,Low,0.0
4,20,421.0,Medium,0.0
4,21,388.0,Medium,2.0
4,22,549.0,High,0.0
4,22,162.0,Low,0.0
4,22,402.0,Medium,0.0
4,24,186.0,Low,0.0
4,24,288.0,Low,0.0
4,25,74.0,Low,0.0
4,26,611.0,High,0.0
4,26,120.0,Low,0.0
4,26,93.0,Low,0.0
4,26,421.0,Medium,0.0
4,26,636.0,High,0.0
4,27,99.0,Low,0.0
4,27,327.0,Medium,0.0
4,28,75.0,Low,0.0
4,28,703.0,High,0.0
4,28,421.0,Medium,0.0
4,29,511.0,Medium,0.0
4,29,459.0,Medium,0.0
4,30,112.0,Low,0.0
4,30,432.0,Medium,0.0
5,2,650.0,High,0.0
5,2,236.0,Low,0.0
5,2,393.0,Medium,0.0
5,2,744.0,High,0.0
5,3,597.0,High,0.0
5,3,117.0,Low,0.0
5,3,131.0,Low,0.0
5,3,509.0,Medium,0.0
5,4,385.0,Medium,0.0
5,4,224.0,Low,0.0
5,4,452.0,Medium,0.0
5,5,100.0,Low,0.0
5,5,258.0,Low,0.0
5,5,712.0,High,0.0
5,6,88.0,Low,0.0
5,6,273.0,Low,0.0
5,7,440.0,Medium,0.0
5,8,450.0,Medium,0.0
5,8,631.0,High,0.0
5,9,207.0,Low,0.0
5,9,337.0,Medium,0.0
5,9,318.0,Medium,0.0
5,10,630.0,High,2.0
5,10,359.0,Medium,2.0
5,10,417.0,Medium,2.0
5,11,338.0,Medium,2.0
5,11,414.0,Medium,2.0
5,12,457.0,Medium,2.0
5,13,450.0,Medium,0.0
5,13,372.0,Medium,0.0
5,14,455.0,Medium,0.0
5,14,98.0,Low,0.0
5,15,355.0,Medium,0.0
5,16,61.0,Low,0.0
5,16,296.0,Low,2.0
5,18,450.0,Medium,0.0
5,18,754.0,High,0.0
5,19,320.0,Medium,2.0
5,19,382.0,Medium,2.0
5,19,260.0,Low,0.0
5,19,807.0,High,2.0
5,20,201.0,Low,0.0
5,21,335.0,Medium,0.0
5,22,332.0,Medium,0.0
5,22,276.0,Low,0.0
5,22,541.0,High,0.0
5,23,336.0,Medium,2.0
5,24,156.0,Low,0.0
5,24,93.0,Low,0.0
5,24,370.0,Medium,0.0
5,26,578.0,High,2.0
5,28,135.0,Low,0.0
5,28,278.0,Low,0.0
5,28,569.0,High,0.0
5,29,305.0,Low,0.0
5,29,83.0,Low,0.0
5,29,348.0,Medium,0.0
5,29,372.0,Medium,0.0
5,30,317.0,Medium,2.0
5,30,367.0,Medium,2.0
5,30,372.0,Medium,2.0
5,30,576.0,High,2.0
5,31,303.0,Low,2.0
5,31,372.0,Medium,2.0
6,1,462.0,Medium,2.0
6,1,193.0,Low,2.0
6,1,100.0,Low,0.0
6,1,457.0,Medium,2.0
6,2,720.0,High,2.0
6,2,144.0,Low,0.0
6,3,388.0,Medium,0.0
6,4,584.0,High,0.0
6,4,32.0,Low,0.0
6,5,301.0,Low,0.0
6,5,45.0,Low,0.0
6,6,417.0,Medium,2.0
6,6,680.0,High,2.0
6,7,417.0,Medium,2.0
6,7,343.0,Medium,2.0
6,7,683.0,High,2.0
6,8,419.0,Medium,2.0
6,8,436.0,Medium,2.0
6,9,127.0,Low,0.0
6,10,353.0,Medium,0.0
6,10,124.0,Low,0.0
6,10,70.0,Low,0.0
6,11,288.0,Low,0.0
6,11,89.0,Low,0.0
6,12,529.0,High,0.0
6,12,294.0,Low,0.0
6,12,63.0,Low,0.0
6,14,28.0,Low,2.0
6,15,149.0,Low,0.0
6,15,429.0,Medium,2.0
6,16,532.0,High,2.0
6,17,662.0,High,0.0
6,18,335.0,Medium,0.0
6,18,65.0,Low,0.0
6,18,70.0,Low,0.0
6,19,293.0,Low,0.0
6,20,257.0,Low,2.0
6,20,409.0,Medium,2.0
6,20,689.0,High,2.0
6,21,362.0,Medium,2.0
6,22,400.0,Medium,2.0
6,22,423.0,Medium,2.0
6,22,326.0,Medium,2.0
6,22,663.0,High,2.0
6,23,459.0,Medium,2.0
6,23,477.0,Medium,2.0
6,23,61.0,Low,0.0
6,23,671.0,High,2.0
6,25,213.0,Low,0.0
6,25,115.0,Low,0.0
6,26,297.0,Low,0.0
6,26,337.0,Medium,0.0
6,27,405.0,Medium,2.0
6,28,102.0,Low,0.0
6,28,75.0,Low,0.0
6,30,386.0,Medium,2.0
6,30,397.0,Medium,2.0
6,30,831.0,High,2.0
7,1,631.0,High,0.0
7,2,487.0,Medium,0.0
7,2,338.0,Medium,0.0
7,2,90.0,Low,0.0
7,2,318.0,Medium,0.0
7,2,198.0,Low,0.0
7,2,296.0,Low,0.0
7,3,130.0,Low,0.0
7,4,215.0,Low,2.0
7,6,341.0,Medium,2.0
7,6,551.0,High,2.0
7,7,313.0,Medium,2.0
7,7,351.0,Medium,2.0
7,8,293.0,Low,0.0
7,9,275.0,Low,0.0
7,9,488.0,Medium,0.0
7,10,54.0,Low,0.0
7,10,39.0,Low,0.0
7,12,428.0,Medium,2.0
7,12,64.0,Low,0.0
7,12,379.0,Medium,2.0
7,13,408.0,Medium,2.0
7,13,354.0,Medium,2.0
7,14,386.0,Medium,2.0
7,24,799.0,High,0.0
7,24,497.0,Medium,0.0
7,24,50.0,Low,0.0
7,24,715.0,High,0.0
7,25,54.0,Low,0.0
7,25,397.0,Medium,2.0
7,26,639.0,High,2.0
7,26,203.0,Low,2.0
7,27,90.0,Low,0.0
7,27,647.0,High,2.0
7,28,69.0,Low,0.0
7,28,756.0,High,2.0
7,29,301.0,Low,0.0
7,29,46.0,Low,0.0
7,29,416.0,Medium,0.0
7,30,299.0,Low,0.0
7,31,628.0,High,0.0
7,31,91.0,Low,0.0
7,31,357.0,Medium,0.0
8,1,78.0,Low,0.0
8,2,374.0,Medium,2.0
8,2,286.0,Low,2.0
8,2,123.0,Low,0.0
8,2,139.0,Low,0.0
8,2,426.0,Medium,2.0
8,3,461.0,Medium,2.0
8,3,62.0,Low,0.0
8,4,133.0,Low,0.0
8,4,367.0,Medium,2.0
8,5,93.0,Low,0.0
8,5,148.0,Low,0.0
8,5,314.0,Medium,0.0
8,6,536.0,High,0.0
8,6,526.0,High,0.0
8,7,241.0,Low,0.0
8,7,244.0,Low,0.0
8,8,698.0,High,2.0
8,8,88.0,Low,0.0
8,8,500.0,Medium,2.0
8,9,234.0,Low,2.0
8,10,689.0,High,2.0
8,11,413.0,Medium,2.0
8,11,94.0,Low,0.0
8,11,310.0,Medium,0.0
8,12,404.0,Medium,0.0
8,12,367.0,Medium,0.0
8,12,338.0,Medium,0.0
8,13,616.0,High,0.0
8,14,261.0,Low,0.0
8,15,86.0,Low,0.0
8,16,78.0,Low,0.0
8,17,514.0,High,2.0
8,17,427.0,Medium,2.0
8,18,636.0,High,2.0
8,18,90.0,Low,0.0
8,18,459.0,Medium,2.0
8,19,557.0,High,0.0
8,19,726.0,High,0.0
8,19,553.0,High,0.0
8,20,101.0,Low,0.0
8,20,273.0,Low,0.0
8,21,158.0,Low,0.0
8,21,305.0,Low,0.0
8,22,434.0,Medium,2.0
8,22,265.0,Low,2.0
8,23,760.0,High,2.0
8,24,90.0,Low,0.0
8,25,583.0,High,2.0
8,26,137.0,Low,0.0
8,26,38.0,Low,0.0
8,28,467.0,Medium,0.0
8,29,131.0,Low,2.0
8,30,639.0,High,2.0
8,30,44.0,Low,2.0
8,30,301.0,Low,2.0
8,31,80.0,Low,0.0
8,31,142.0,Low,2.0
8,31,316.0,Medium,2.0
9,2,79.0,Low,0.0
9,2,273.0,Low,0.0
9,3,845.0,High,0.0
9,3,286.0,Low,0.0
9,3,238.0,Low,0.0
9,4,620.0,High,0.0
9,4,429.0,Medium,0.0
9,5,496.0,Medium,2.0
9,5,716.0,High,2.0
9,5,48.0,Low,0.0
9,5,557.0,High,2.0
9,6,725.0,High,2.0
9,6,86.0,Low,0.0
9,6,71.0,Low,0.0
9,6,308.0,Low,2.0
9,6,602.0,High,2.0
9,7,300.0,Low,2.0
9,8,109.0,Low,0.0
9,9,742.0,High,0.0
9,9,268.0,Low,0.0
9,9,139.0,Low,0.0
9,9,120.0,Low,0.0
9,9,336.0,Medium,0.0
9,9,729.0,High,0.0
9,11,164.0,Low,0.0
9,13,394.0,Medium,2.0
9,13,455.0,Medium,2.0
9,14,86.0,Low,0.0
9,14,69.0,Low,0.0
9,14,363.0,Medium,2.0
9,15,483.0,Medium,2.0
9,15,444.0,Medium,2.0
9,16,418.0,Medium,0.0
9,17,100.0,Low,0.0
9,17,107.0,Low,0.0
9,18,47.0,Low,0.0
9,19,123.0,Low,2.0
9,20,442.0,Medium,2.0
9,20,23.0,Low,2.0
9,20,68.0,Low,0.0
9,21,167.0,Low,0.0
9,21,419.0,Medium,2.0
9,22,398.0,Medium,2.0
9,22,135.0,Low,0.0
9,22,104.0,Low,2.0
9,23,297.0,Low,0.0
9,23,258.0,Low,0.0
9,23,425.0,Medium,0.0
9,23,548.0,High,0.0
9,24,333.0,Medium,0.0
9,24,91.0,Low,0.0
9,24,61.0,Low,0.0
9,26,581.0,High,2.0
9,26,49.0,Low,0.0
9,27,52.0,Low,0.0
9,27,448.0,Medium,2.0
9,28,580.0,High,2.0
9,28,268.0,Low,2.0
9,28,71.0,Low,0.0
9,29,522.0,High,2.0
9,29,45.0,Low,0.0
9,29,120.0,Low,2.0
9,29,70.0,Low,0.0
9,30,423.0,Medium,0.0
9,30,300.0,Low,0.0
10,1,399.0,Medium,0.0
10,2,303.0,Low,0.0
10,3,431.0,Medium,0.0
10,3,386.0,Medium,0.0
10,4,222.0,Low,0.0
10,4,116.0,Low,0.0
10,4,102.0,Low,0.0
10,5,378.0,Medium,0.0
10,5,68.0,Low,0.0
10,5,406.0,Medium,0.0
10,5,619.0,High,0.0
10,6,86.0,Low,0.0
10,6,271.0,Low,0.0
10,7,326.0,Medium,0.0
10,8,46.0,Low,0.0
10,8,35.0,Low,0.0
10,8,69.0,Low,0.0
10,9,270.0,Low,0.0
10,9,103.0,Low,0.0
10,9,321.0,Medium,0.0
10,10,344.0,Medium,0.0
10,11,125.0,Low,0.0
10,11,39.0,Low,0.0
10,13,76.0,Low,0.0
10,14,604.0,High,0.0
10,14,347.0,Medium,0.0
10,14,178.0,Low,0.0
10,15,251.0,Low,0.0
10,15,204.0,Low,0.0
10,16,410.0,Medium,0.0
10,16,164.0,Low,0.0
10,16,101.0,Low,0.0
10,16,395.0,Medium,0.0
10,17,377.0,Medium,0.0
10,17,206.0,Low,0.0
10,17,96.0,Low,0.0
10,18,119.0,Low,0.0
10,19,301.0,Low,0.0
10,19,79.0,Low,0.0
10,19,118.0,Low,0.0
10,20,288.0,Low,0.0
10,20,394.0,Medium,0.0
10,20,697.0,High,0.0
10,21,355.0,Medium,0.0
10,21,467.0,Medium,0.0
10,21,631.0,High,0.0
10,22,230.0,Low,0.0
10,23,417.0,Medium,0.0
10,23,71.0,Low,0.0
10,23,372.0,Medium,0.0
10,24,377.0,Medium,0.0
10,24,88.0,Low,0.0
10,24,136.0,Low,0.0
10,25,400.0,Medium,0.0
10,25,112.0,Low,0.0
10,26,13.0,Low,0.0
10,27,720.0,High,0.0
10,27,144.0,Low,0.0
10,27,288.0,Low,0.0
10,29,269.0,Low,0.0
10,29,102.0,Low,0.0
10,29,312.0,Medium,0.0
10,30,200.0,Low,0.0
10,30,288.0,Low,0.0
11,2,122.0,Low,0.0
11,2,61.0,Low,0.0
11,3,537.0,High,0.0
11,3,181.0,Low,0.0
11,4,506.0,Medium,0.0
11,4,303.0,Low,0.0
11,4,342.0,Medium,0.0
11,5,256.0,Low,0.0
11,5,144.0,Low,0.0
11,6,108.0,Low,0.0
11,6,217.0,Low,0.0
11,7,439.0,Medium,0.0
11,7,301.0,Low,0.0
11,7,121.0,Low,0.0
11,7,108.0,Low,0.0
11,8,344.0,Medium,0.0
11,9,307.0,Low,0.0
11,9,355.0,Medium,0.0
11,10,119.0,Low,0.0
11,10,563.0,High,0.0
11,11,455.0,Medium,0.0
11,11,358.0,Medium,0.0
11,13,586.0,High,0.0
11,13,334.0,Medium,0.0
11,14,195.0,Low,0.0
11,14,229.0,Low,0.0
11,14,555.0,High,0.0
11,15,65.0,Low,0.0
11,16,552.0,High,0.0
11,16,304.0,Low,0.0
11,16,32.0,Low,0.0
11,17,740.0,High,0.0
11,17,238.0,Low,0.0
11,17,88.0,Low,0.0
11,18,113.0,Low,0.0
11,19,353.0,Medium,0.0
11,20,525.0,High,0.0
11,21,256.0,Low,0.0
11,21,82.0,Low,0.0
11,21,350.0,Medium,0.0
11,22,398.0,Medium,0.0
11,22,138.0,Low,0.0
11,22,84.0,Low,0.0
11,22,356.0,Medium,0.0
11,22,410.0,Medium,0.0
11,23,104.0,Low,0.0
11,23,69.0,Low,0.0
11,24,409.0,Medium,0.0
11,25,318.0,Medium,0.0
11,25,391.0,Medium,0.0
11,26,376.0,Medium,0.0
11,26,49.0,Low,0.0
11,26,66.0,Low,0.0
11,26,205.0,Low,0.0
11,27,335.0,Medium,0.0
11,27,92.0,Low,0.0
11,27,339.0,Medium,0.0
11,28,157.0,Low,0.0
11,28,72.0,Low,0.0
11,29,95.0,Low,0.0
11,30,97.0,Low,0.0
12,1,495.0,Medium,0.0
12,1,220.0,Low,0.0
12,1,475.0,Medium,0.0
12,2,76.0,Low,0.0
12,2,195.0,Low,0.0
12,2,446.0,Medium,0.0
12,3,266.0,Low,0.0
12,3,33.0,Low,0.0
12,3,76.0,Low,0.0
12,4,48.0,Low,0.0
12,4,69.0,Low,0.0
12,4,312.0,Medium,0.0
12,5,703.0,High,0.0
12,5,86.0,Low,0.0
12,6,248.0,Low,0.0
12,6,423.0,Medium,0.0
12,7,70.0,Low,0.0
12,8,287.0,Low,0.0
12,8,105.0,Low,0.0
12,9,183.0,Low,0.0
12,10,582.0,High,0.0
12,10,85.0,Low,0.0
12,11,204.0,Low,0.0
12,11,114.0,Low,0.0
12,11,186.0,Low,0.0
12,12,663.0,High,0.0
12,12,167.0,Low,0.0
12,12,381.0,Medium,0.0
12,12,598.0,High,0.0
12,13,89.0,Low,0.0
12,13,66.0,Low,0.0
12,14,93.0,Low,0.0
12,16,53.0,Low,0.0
12,16,38.0,Low,0.0
12,16,106.0,Low,0.0
12,17,418.0,Medium,0.0
12,17,64.0,Low,0.0
12,17,226.0,Low,0.0
12,18,66.0,Low,0.0
12,18,37.0,Low,0.0
12,19,92.0,Low,0.0
12,19,138.0,Low,0.0
12,21,218.0,Low,0.0
12,21,424.0,Medium,0.0
12,22,46.0,Low,0.0
12,23,148.0,Low,0.0
12,26,292.0,Low,0.0
12,26,167.0,Low,0.0
12,26,100.0,Low,0.0
12,27,308.0,Low,0.0
12,27,178.0,Low,0.0
12,27,110.0,Low,0.0
12,28,190.0,Low,0.0
12,28,212.0,Low,0.0
12,29,190.0,Low,0.0
12,29,105.0,Low,0.0
12,29,98.0,Low,0.0
12,29,243.0,Low,0.0
12,30,433.0,Medium,0.0
12,30,94.0,Low,0.0
12,30,514.0,High,0.0
12,31,468.0,Medium,0.0
12,31,55.0,Low,0.0
12,31,122.0,Low,0.0
12,31,488.0,Medium,0.0
1,1,17.0,Low,0.0
1,2,101.0,Low,0.0
1,3,259.0,Low,0.0
1,3,72.0,Low,0.0
1,3,428.0,Medium,0.0
1,4,474.0,Medium,0.0
1,4,179.0,Low,0.0
1,4,138.0,Low,0.0
1,4,119.0,Low,0.0
1,4,150.0,Low,0.0
1,4,426.0,Medium,0.0
1,6,26.0,Low,0.0
1,6,216.0,Low,0.0
1,7,106.0,Low,0.0
1,7,132.0,Low,0.0
1,8,37.0,Low,0.0
1,9,96.0,Low,0.0
1,9,23.0,Low,0.0
1,9,22.0,Low,0.0
1,10,172.0,Low,0.0
1,10,119.0,Low,0.0
1,11,621.0,High,0.0
1,11,227.0,Low,0.0
1,11,162.0,Low,0.0
1,11,412.0,Medium,0.0
1,12,77.0,Low,0.0
1,13,39.0,Low,0.0
1,13,187.0,Low,0.0
1,13,383.0,Medium,0.0
1,15,24.0,Low,0.0
1,15,307.0,Low,0.0
1,16,55.0,Low,0.0
1,17,158.0,Low,0.0
1,17,36.0,Low,0.0
1,17,32.0,Low,0.0
1,18,34.0,Low,0.0
1,18,48.0,Low,0.0
1,19,50.0,Low,0.0
1,20,288.0,Low,0.0
1,20,67.0,Low,0.0
1,20,347.0,Medium,0.0
1,21,306.0,Low,0.0
1,21,217.0,Low,0.0
1,21,230.0,Low,0.0
1,21,214.0,Low,0.0
1,22,316.0,Medium,0.0
1,22,33.0,Low,0.0
1,23,122.0,Low,0.0
1,24,172.0,Low,0.0
1,24,6.0,Low,0.0
1,24,90.0,Low,0.0
1,24,317.0,Medium,0.0
1,25,181.0,Low,0.0
1,26,288.0,Low,0.0
1,26,44.0,Low,0.0
1,27,14.0,Low,0.0
1,27,34.0,Low,0.0
1,27,82.0,Low,0.0
1,28,24.0,Low,0.0
1,29,48.0,Low,0.0
1,30,66.0,Low,0.0
1,30,87.0,Low,0.0
1,30,76.0,Low,0.0
1,30,63.0,Low,0.0
1,30,203.0,Low,0.0
1,31,80.0,Low,0.0
1,31,78.0,Low,0.0
1,31,55.0,Low,0.0
2,1,157.0,Low,0.0
2,1,249.0,Low,0.0
2,2,127.0,Low,0.0
2,3,46.0,Low,0.0
2,4,247.0,Low,0.0
2,4,37.0,Low,0.0
2,4,255.0,Low,0.0
2,5,154.0,Low,0.0
2,5,177.0,Low,0.0
2,6,76.0,Low,0.0
2,6,403.0,Medium,0.0
2,16,47.0,Low,0.0
2,16,185.0,Low,0.0
2,16,467.0,Medium,0.0
2,17,414.0,Medium,0.0
2,17,24.0,Low,0.0
2,18,199.0,Low,0.0
2,18,79.0,Low,0.0
2,19,359.0,Medium,0.0
2,19,73.0,Low,0.0
2,20,77.0,Low,0.0
2,21,105.0,Low,0.0
2,21,362.0,Medium,0.0
2,22,327.0,Medium,0.0
2,22,706.0,High,0.0
2,23,307.0,Low,0.0
2,23,53.0,Low,0.0
2,23,269.0,Low,0.0
2,24,183.0,Low,0.0
2,25,33.0,Low,0.0
2,25,18.0,Low,0.0
2,25,51.0,Low,0.0
2,25,463.0,Medium,0.0
2,26,524.0,High,0.0
2,26,693.0,High,0.0
2,27,694.0,High,0.0
2,27,29.0,Low,0.0
2,27,111.0,Low,0.0
2,27,19.0,Low,0.0
2,27,566.0,High,0.0
2,28,35.0,Low,0.0
2,28,144.0,Low,0.0
2,29,40.0,Low,0.0
2,29,127.0,Low,0.0
3,1,404.0,Medium,0.0
3,1,149.0,Low,0.0
3,3,225.0,Low,0.0
3,4,426.0,Medium,0.0
3,4,256.0,Low,0.0
3,4,75.0,Low,0.0
3,4,285.0,Low,0.0
3,4,464.0,Medium,0.0
3,5,167.0,Low,0.0
3,6,306.0,Low,0.0
3,6,270.0,Low,0.0
3,6,117.0,Low,0.0
3,6,122.0,Low,0.0
3,7,244.0,Low,0.0
3,7,202.0,Low,0.0
3,7,270.0,Low,0.0
3,7,443.0,Medium,0.0
3,8,93.0,Low,0.0
3,8,381.0,Medium,0.0
3,9,120.0,Low,0.0
3,9,255.0,Low,0.0
3,10,427.0,Medium,0.0
3,10,118.0,Low,0.0
3,10,106.0,Low,0.0
3,10,38.0,Low,0.0
3,13,72.0,Low,0.0
3,13,221.0,Low,0.0
3,14,26.0,Low,0.0
3,14,13.0,Low,0.0
3,15,371.0,Medium,0.0
3,15,220.0,Low,0.0
3,15,175.0,Low,0.0
3,16,228.0,Low,0.0
3,16,172.0,Low,0.0
3,16,605.0,High,0.0
3,17,567.0,High,0.0
3,17,245.0,Low,0.0
3,17,113.0,Low,0.0
3,17,206.0,Low,0.0
3,18,54.0,Low,0.0
3,18,404.0,Medium,0.0
3,19,382.0,Medium,0.0
3,19,163.0,Low,0.0
3,20,314.0,Medium,0.0
3,20,301.0,Low,0.0
3,20,175.0,Low,0.0
4,2,411.0,Medium,0.0
4,2,152.0,Low,0.0
4,3,234.0,Low,0.0
4,3,325.0,Medium,0.0
4,4,622.0,High,0.0
4,4,92.0,Low,0.0
4,4,350.0,Medium,0.0
4,4,311.0,Medium,0.0
4,5,310.0,Medium,0.0
4,5,99.0,Low,0.0
4,5,59.0,Low,0.0
4,6,221.0,Low,0.0
4,6,511.0,Medium,0.0
4,7,392.0,Medium,0.0
4,7,312.0,Medium,0.0
4,7,13.0,Low,0.0
4,7,304.0,Low,0.0
4,7,221.0,Low,0.0
4,8,322.0,Medium,0.0
4,8,83.0,Low,0.0
4,9,40.0,Low,0.0
4,9,482.0,Medium,0.0
4,10,610.0,High,2.0
4,10,634.0,High,2.0
4,11,426.0,Medium,0.0
4,11,317.0,Medium,0.0
4,11,91.0,Low,0.0
4,12,363.0,Medium,0.0
4,13,151.0,Low,0.0
4,13,140.0,Low,0.0
4,13,513.0,Medium,0.0
4,14,471.0,Medium,0.0
4,14,388.0,Medium,0.0
4,14,564.0,High,0.0
4,16,435.0,Medium,0.0
4,16,537.0,High,0.0
4,16,386.0,Medium,0.0
4,17,487.0,Medium,0.0
4,17,35.0,Low,0.0
4,18,388.0,Medium,0.0
4,18,208.0,Low,0.0
4,18,142.0,Low,0.0
4,19,416.0,Medium,0.0
4,19,364.0,Medium,0.0
4,20,531.0,High,0.0
4,20,523.0,High,0.0
4,20,160.0,Low,0.0
4,20,253.0,Low,0.0
4,20,240.0,Low,0.0
4,21,630.0,High,0.0
4,22,211.0,Low,0.0
4,22,573.0,High,0.0
4,23,436.0,Medium,2.0
4,23,154.0,Low,0.0
4,24,176.0,Low,0.0
4,24,133.0,Low,0.0
4,24,460.0,Medium,0.0
4,25,405.0,Medium,0.0
4,25,298.0,Low,0.0
4,26,519.0,High,0.0
4,26,113.0,Low,0.0
4,26,56.0,Low,0.0
4,26,186.0,Low,0.0
4,26,281.0,Low,0.0
4,27,138.0,Low,0.0
4,27,86.0,Low,0.0
4,27,46.0,Low,0.0
4,27,23.0,Low,0.0
4,28,129.0,Low,0.0
4,29,165.0,Low,0.0
4,29,72.0,Low,0.0
4,30,444.0,Medium,0.0
4,30,397.0,Medium,0.0
4,30,292.0,Low,0.0
5,1,670.0,High,0.0
5,1,381.0,Medium,0.0
5,1,543.0,High,0.0
5,2,368.0,Medium,2.0
5,3,631.0,High,2.0
5,4,421.0,Medium,0.0
5,4,104.0,Low,0.0
5,4,412.0,Medium,0.0
5,4,336.0,Medium,0.0
5,5,653.0,High,0.0
5,6,577.0,High,0.0
5,7,134.0,Low,0.0
5,7,58.0,Low,0.0
5,7,73.0,Low,0.0
5,8,221.0,Low,2.0
5,9,683.0,High,0.0
5,9,76.0,Low,0.0
5,9,414.0,Medium,0.0
5,10,187.0,Low,0.0
5,11,618.0,High,0.0
5,11,603.0,High,0.0
5,12,320.0,Medium,0.0
5,13,744.0,High,0.0
5,13,406.0,Medium,0.0
5,13,768.0,High,0.0
5,14,89.0,Low,2.0
5,14,129.0,Low,0.0
5,14,279.0,Low,2.0
5,14,403.0,Medium,2.0
5,15,341.0,Medium,2.0
5,15,414.0,Medium,2.0
5,15,521.0,High,2.0
5,16,528.0,High,2.0
5,16,55.0,Low,0.0
5,16,378.0,Medium,2.0
5,17,290.0,Low,2.0
5,17,239.0,Low,2.0
5,18,578.0,High,0.0
5,18,418.0,Medium,0.0
5,18,197.0,Low,0.0
5,18,346.0,Medium,0.0
5,19,53.0,Low,0.0
5,19,92.0,Low,0.0
5,19,234.0,Low,0.0
5,20,456.0,Medium,0.0
5,20,56.0,Low,0.0
5,20,150.0,Low,0.0
5,20,469.0,Medium,0.0
5,21,95.0,Low,0.0
5,22,557.0,High,2.0
5,22,116.0,Low,0.0
5,22,226.0,Low,2.0
5,22,106.0,Low,0.0
5,24,76.0,Low,0.0
5,25,80.0,Low,0.0
5,25,597.0,High,0.0
5,26,690.0,High,0.0
5,26,245.0,Low,0.0
5,26,86.0,Low,0.0
5,26,201.0,Low,0.0
5,26,93.0,Low,0.0
5,26,553.0,High,0.0
5,27,258.0,Low,0.0
5,27,60.0,Low,0.0
5,28,712.0,High,2.0
5,28,269.0,Low,2.0
5,28,659.0,High,2.0
5,29,88.0,Low,0.0
5,30,363.0,Medium,2.0
5,30,264.0,Low,2.0
5,31,585.0,High,2.0
5,31,72.0,Low,0.0
5,31,371.0,Medium,2.0
6,1,267.0,Low,0.0
6,1,82.0,Low,0.0
6,2,406.0,Medium,0.0
6,2,185.0,Low,0.0
6,2,237.0,Low,0.0
6,2,375.0,Medium,0.0
6,3,363.0,Medium,0.0
6,3,80.0,Low,0.0
6,3,461.0,Medium,0.0
6,4,103.0,Low,0.0
6,4,548.0,High,2.0
6,4,203.0,Low,2.0
6,5,1008.0,High,2.0
6,5,720.0,High,2.0
6,6,307.0,Low,2.0
6,6,625.0,High,2.0
6,8,350.0,Medium,0.0
6,8,602.0,High,0.0
6,9,276.0,Low,0.0
6,9,211.0,Low,0.0
6,9,217.0,Low,0.0
6,10,145.0,Low,0.0
6,10,99.0,Low,0.0
6,10,708.0,High,0.0
6,11,131.0,Low,0.0
6,11,707.0,High,2.0
6,12,128.0,Low,0.0
6,12,105.0,Low,0.0
6,13,360.0,Medium,2.0
6,13,98.0,Low,0.0
6,13,362.0,Medium,2.0
6,13,678.0,High,2.0
6,14,69.0,Low,0.0
6,16,681.0,High,0.0
6,16,307.0,Low,0.0
6,16,329.0,Medium,0.0
6,19,669.0,High,2.0
6,20,651.0,High,2.0
6,21,228.0,Low,2.0
6,22,631.0,High,0.0
6,23,258.0,Low,0.0
6,23,372.0,Medium,0.0
6,24,345.0,Medium,0.0
6,24,168.0,Low,0.0
6,25,769.0,High,2.0
6,25,480.0,Medium,2.0
6,25,773.0,High,2.0
6,26,135.0,Low,0.0
6,26,200.0,Low,2.0
6,28,475.0,Medium,2.0
6,28,194.0,Low,2.0
6,29,29.0,Low,0.0
6,29,77.0,Low,0.0
7,8,255.0,Low,0.0
7,8,72.0,Low,0.0
7,9,139.0,Low,0.0
7,9,151.0,Low,0.0
7,9,415.0,Medium,2.0
7,10,45.0,Low,0.0
7,11,845.0,High,2.0
7,11,208.0,Low,0.0
7,12,44.0,Low,0.0
7,12,116.0,Low,0.0
7,12,384.0,Medium,2.0
7,12,396.0,Medium,2.0
7,13,467.0,Medium,0.0
7,14,252.0,Low,0.0
7,14,26.0,Low,0.0
7,14,225.0,Low,0.0
7,15,244.0,Low,0.0
7,15,86.0,Low,0.0
7,15,368.0,Medium,0.0
7,16,55.0,Low,0.0
7,16,732.0,High,2.0
7,18,576.0,High,2.0
7,20,404.0,Medium,0.0
7,21,93.0,Low,0.0
7,21,254.0,Low,0.0
7,22,770.0,High,0.0
7,22,185.0,Low,0.0
7,22,595.0,High,0.0
7,23,318.0,Medium,2.0
7,24,399.0,Medium,2.0
7,25,209.0,Low,2.0
7,25,385.0,Medium,2.0
7,26,452.0,Medium,2.0
7,26,281.0,Low,2.0
7,26,83.0,Low,0.0
7,27,281.0,Low,0.0
7,27,431.0,Medium,0.0
7,28,48.0,Low,0.0
7,28,87.0,Low,0.0
7,28,244.0,Low,0.0
7,28,281.0,Low,0.0
7,29,345.0,Medium,0.0
7,29,67.0,Low,0.0
7,30,834.0,High,2.0
7,30,338.0,Medium,2.0
7,30,265.0,Low,2.0
7,30,633.0,High,2.0
7,31,846.0,High,2.0
7,31,576.0,High,2.0
8,1,796.0,High,2.0
8,1,515.0,High,2.0
8,1,173.0,Low,0.0
8,2,150.0,Low,0.0
8,12,423.0,Medium,0.0
8,12,320.0,Medium,0.0
8,12,307.0,Low,0.0
8,13,419.0,Medium,2.0
8,14,194.0,Low,2.0
8,15,113.0,Low,0.0
8,16,487.0,Medium,2.0
8,16,296.0,Low,2.0
8,16,111.0,Low,0.0
8,16,475.0,Medium,2.0
8,17,268.0,Low,0.0
8,18,244.0,Low,0.0
8,19,487.0,Medium,0.0
8,19,124.0,Low,0.0
8,20,113.0,Low,0.0
8,20,465.0,Medium,2.0
8,21,472.0,Medium,2.0
8,21,412.0,Medium,2.0
8,22,102.0,Low,0.0
8,22,410.0,Medium,2.0
8,23,419.0,Medium,2.0
8,23,94.0,Low,0.0
8,24,288.0,Low,0.0
8,25,94.0,Low,0.0
8,25,117.0,Low,0.0
8,25,330.0,Medium,0.0
8,26,150.0,Low,0.0
8,26,138.0,Low,0.0
8,26,601.0,High,0.0
8,28,661.0,High,2.0
8,30,556.0,High,2.0
8,30,32.0,Low,0.0
8,30,134.0,Low,2.0
8,30,310.0,Medium,2.0
9,4,451.0,Medium,2.0
9,4,406.0,Medium,2.0
9,4,109.0,Low,0.0
9,6,85.0,Low,0.0
9,6,314.0,Medium,2.0
9,7,316.0,Medium,0.0
9,7,272.0,Low,0.0
9,8,193.0,Low,0.0
9,8,247.0,Low,0.0
9,10,199.0,Low,2.0
9,10,336.0,Medium,2.0
9,10,640.0,High,2.0
9,11,559.0,High,2.0
9,11,495.0,Medium,2.0
9,11,266.0,Low,2.0
9,12,396.0,Medium,2.0
9,13,144.0,Low,0.0
9,13,48.0,Low,0.0
9,14,414.0,Medium,0.0
9,14,198.0,Low,0.0
9,14,211.0,Low,0.0
9,14,67.0,Low,0.0
9,14,311.0,Medium,0.0
9,15,396.0,Medium,0.0
9,15,69.0,Low,0.0
9,15,150.0,Low,0.0
9,16,166.0,Low,0.0
9,16,228.0,Low,0.0
9,17,360.0,Medium,2.0
9,18,518.0,High,2.0
9,19,207.0,Low,2.0
9,19,268.0,Low,2.0
9,20,235.0,Low,2.0
9,20,281.0,Low,0.0
9,21,234.0,Low,0.0
9,21,131.0,Low,0.0
9,24,75.0,Low,0.0
9,24,213.0,Low,2.0
9,25,422.0,Medium,2.0
9,25,338.0,Medium,2.0
9,26,299.0,Low,2.0
9,27,362.0,Medium,2.0
10,1,349.0,Medium,0.0
10,1,279.0,Low,0.0
10,1,113.0,Low,0.0
10,1,393.0,Medium,0.0
10,3,483.0,Medium,0.0
10,3,77.0,Low,0.0
10,3,334.0,Medium,0.0
10,4,396.0,Medium,0.0
10,5,633.0,High,0.0
10,5,120.0,Low,0.0
10,6,614.0,High,0.0
10,7,594.0,High,0.0
10,7,198.0,Low,0.0
10,7,1200.0,High,0.0
10,8,576.0,High,0.0
10,8,1440.0,High,0.0
10,9,119.0,Low,0.0
10,9,90.0,Low,0.0
10,10,436.0,Medium,0.0
10,10,176.0,Low,0.0
10,10,236.0,Low,0.0
10,11,210.0,Low,0.0
10,11,532.0,High,0.0
10,12,304.0,Low,0.0
10,13,420.0,Medium,0.0
10,13,120.0,Low,0.0
10,13,262.0,Low,0.0
10,13,475.0,Medium,0.0
10,14,670.0,High,0.0
10,14,376.0,Medium,0.0
10,14,446.0,Medium,0.0
10,15,706.0,High,0.0
10,15,281.0,Low,0.0
10,16,385.0,Medium,0.0
10,16,88.0,Low,0.0
10,19,266.0,Low,0.0
10,20,98.0,Low,0.0
10,21,87.0,Low,0.0
10,22,201.0,Low,0.0
10,22,275.0,Low,0.0
10,22,102.0,Low,0.0
10,23,255.0,Low,0.0
10,23,174.0,Low,0.0
11,1,626.0,High,0.0
11,1,382.0,Medium,0.0
11,1,587.0,High,0.0
11,2,291.0,Low,0.0
11,2,215.0,Low,0.0
11,3,135.0,Low,0.0
11,3,492.0,Medium,0.0
11,4,467.0,Medium,0.0
11,4,200.0,Low,0.0
11,4,116.0,Low,0.0
11,4,146.0,Low,0.0
11,4,332.0,Medium,0.0
11,5,414.0,Medium,0.0
11,5,156.0,Low,0.0
11,5,180.0,Low,0.0
11,6,616.0,High,0.0
11,6,195.0,Low,0.0
11,6,324.0,Medium,0.0
11,9,488.0,Medium,0.0
11,10,171.0,Low,0.0
11,10,326.0,Medium,0.0
11,11,167.0,Low,0.0
11,11,179.0,Low,0.0
11,11,379.0,Medium,0.0
11,12,349.0,Medium,0.0
11,13,317.0,Medium,0.0
11,13,169.0,Low,0.0
11,13,165.0,Low,0.0
11,13,208.0,Low,0.0
11,14,50.0,Low,0.0
11,14,401.0,Medium,0.0
11,14,257.0,Low,0.0
11,15,779.0,High,0.0
11,15,201.0,Low,0.0
11,16,528.0,High,0.0
11,16,610.0,High,0.0
11,16,473.0,Medium,0.0
11,17,706.0,High,0.0
11,18,689.0,High,0.0
11,19,1132.0,High,0.0
11,19,130.0,Low,0.0
11,20,288.0,Low,0.0
11,20,144.0,Low,0.0
11,21,1123.0,High,0.0
11,21,410.0,Medium,0.0
11,22,304.0,Low,0.0
11,22,416.0,Medium,0.0
11,22,1478.0,High,0.0
11,22,1769.0,High,0.0
12,2,85.0,Low,0.0
12,2,432.0,Medium,0.0
12,2,164.0,Low,0.0
12,2,295.0,Low,0.0
12,3,614.0,High,0.0
12,3,294.0,Low,0.0
12,4,489.0,Medium,0.0
12,5,468.0,Medium,0.0
12,5,180.0,Low,0.0
12,5,418.0,Medium,0.0
12,6,335.0,Medium,0.0
12,7,671.0,High,0.0
12,7,315.0,Medium,0.0
12,7,212.0,Low,0.0
12,7,142.0,Low,0.0
12,7,149.0,Low,0.0
12,8,235.0,Low,0.0
12,8,104.0,Low,0.0
12,9,108.0,Low,0.0
12,9,90.0,Low,0.0
12,9,330.0,Medium,0.0
12,10,133.0,Low,0.0
12,10,273.0,Low,0.0
12,11,1465.0,High,0.0
12,11,335.0,Medium,0.0
12,12,246.0,Low,0.0
12,12,996.0,High,0.0
12,13,8.0,Low,0.0
12,13,470.0,Medium,0.0
12,14,273.0,Low,0.0
12,14,224.0,Low,0.0
12,15,731.0,High,0.0
12,15,296.0,Low,0.0
12,15,542.0,High,0.0
12,16,286.0,Low,0.0
12,16,580.0,High,0.0
12,16,313.0,Medium,0.0
12,16,252.0,Low,0.0
12,17,687.0,High,0.0
12,17,210.0,Low,0.0
12,17,693.0,High,0.0
12,17,728.0,High,0.0
12,18,669.0,High,0.0
12,19,283.0,Low,0.0
12,20,77.0,Low,0.0
12,21,309.0,Medium,0.0
12,21,125.0,Low,0.0
12,22,6.0,Low,0.0
12,23,274.0,Low,0.0
12,23,564.0,High,0.0
12,23,140.0,Low,0.0
12,24,211.0,Low,0.0
12,25,99.0,Low,0.0
12,28,400.0,Medium,0.0
12,28,109.0,Low,0.0
